file,line,component,width,frontline
"resources/js/pages/emar/components/audit-log-modal.tsx","105","MedsWizardDialog","shared default","false"
"resources/js/pages/emar/components/cd-register-modal.tsx","272","MedsWizardDialog","shared default","false"
"resources/js/pages/emar/components/generate-rounds-modal.tsx","101","MedsWizardDialog","shared default","false"
"resources/js/pages/emar/components/mar-governance-dialogs.tsx","235","MedsWizardDialog","shared default","false"
"resources/js/pages/emar/components/mar-governance-dialogs.tsx","625","MedsWizardDialog","shared default","false"
"resources/js/pages/emar/components/mar-governance-dialogs.tsx","798","MedsWizardDialog","shared default","false"
"resources/js/pages/emar/components/mar-governance-dialogs.tsx","1025","MedsWizardDialog","shared default","false"
"resources/js/pages/emar/components/mar-governance-dialogs.tsx","1154","MedsWizardDialog","shared default","false"
"resources/js/pages/emar/components/mar-governance-dialogs.tsx","1287","MedsWizardDialog","shared default","false"
"resources/js/pages/emar/components/report-error-modal.tsx","203","MedsWizardDialog","shared default","false"
"resources/js/pages/emar/components/reports-modal.tsx","189","MedsWizardDialog","shared default","false"
"resources/js/pages/emar/components/stock-movement-modal.tsx","201","MedsWizardDialog","shared default","false"
"resources/js/pages/emar/downtime/show.tsx","655","DialogContent","{{ width: 'min(92vw, 720px)', maxWidth: 'min(92vw, 720px)', }}","false"
"resources/js/pages/emar/downtime/show.tsx","733","ConfirmDialog","shared default","true"
"resources/js/pages/emar/downtime/_dialogs.tsx","157","DialogContent","{{ width: 'min(92vw, 720px)', maxWidth: 'min(92vw, 720px)', }}","false"
"resources/js/pages/emar/downtime/_dialogs.tsx","317","ConfirmDialog","shared default","true"
"resources/js/pages/emar/downtime/_dialogs.tsx","375","WizardShell","shared default","true"
"resources/js/pages/emar/downtime/_dialogs.tsx","577","ConfirmDialog","shared default","true"
"resources/js/pages/emar/downtime/_dialogs.tsx","687","WizardShell","shared default","true"
"resources/js/pages/emar/downtime/_dialogs.tsx","1068","ConfirmDialog","shared default","true"
"resources/js/pages/emar/downtime/_dialogs.tsx","1105","DialogContent","{{ width: 'min(92vw, 720px)', maxWidth: 'min(92vw, 720px)', }}","false"
"resources/js/pages/emar/downtime/_dialogs.tsx","1303","DialogContent","{{ width: 'min(92vw, 900px)', maxWidth: 'min(92vw, 900px)', }}","false"
"resources/js/pages/emar/eligibility/_assessment.tsx","174","WizardShell","shared default","true"
"resources/js/pages/emar/eligibility/_assessment.tsx","725","WizardShell","shared default","true"
"resources/js/pages/emar/eligibility/_assessment.tsx","1550","DiscardDraftDialog","shared default","true"
"resources/js/pages/emar/eligibility/_exemptions.tsx","195","WizardShell","shared default","true"
"resources/js/pages/emar/eligibility/_exemptions.tsx","429","DiscardDraftDialog","shared default","true"
"resources/js/pages/emar/eligibility/_exemptions.tsx","479","SettingsModal","shared default","true"
"resources/js/pages/emar/eligibility/_my-eligibility.tsx","270","SettingsModal","shared default","true"
"resources/js/pages/emar/eligibility/_my-eligibility.tsx","303","WizardShell","shared default","true"
"resources/js/pages/emar/errors/_detail.tsx","528","WizardShell","shared default","true"
"resources/js/pages/emar/errors/_detail.tsx","1129","DiscardDraftDialog","shared default","true"
"resources/js/pages/emar/errors/_detail.tsx","1138","ConfirmDialog","shared default","true"
"resources/js/pages/emar/orders/_covert.tsx","143","WizardShell","shared default","true"
"resources/js/pages/emar/orders/_covert.tsx","573","WizardShell","shared default","true"
"resources/js/pages/emar/orders/_covert.tsx","629","ConfirmDialog","shared default","true"
"resources/js/pages/emar/orders/_detail.tsx","151","WizardShell","shared default","true"
"resources/js/pages/emar/orders/_detail.tsx","990","ConfirmDialog","shared default","true"
"resources/js/pages/emar/orders/_entry.tsx","309","WizardShell","shared default","true"
"resources/js/pages/emar/orders/_entry.tsx","1132","ConfirmDialog","shared default","true"
"resources/js/pages/emar/orders/_legacy-link.tsx","53","WizardShell","shared default","true"
"resources/js/pages/emar/orders/_parts.tsx","169","ConfirmDialog","shared default","true"
"resources/js/pages/emar/orders/_reconciliation.tsx","80","WizardShell","shared default","true"
"resources/js/pages/emar/orders/_reconciliation.tsx","496","WizardShell","shared default","true"
"resources/js/pages/emar/orders/_reconciliation.tsx","993","ConfirmDialog","shared default","true"
"resources/js/pages/emar/orders/_reconciliation.tsx","1033","WizardShell","shared default","true"
"resources/js/pages/emar/Orders.tsx","871","WizardShell","shared default","true"
"resources/js/pages/emar/reports/hub.tsx","1072","SettingsModal","{720}","true"
"resources/js/pages/emar/reports/_downtime-pack.tsx","137","WizardShell","shared default","true"
"resources/js/pages/emar/reports/_export-dialog.tsx","158","WizardShell","shared default","true"
"resources/js/pages/emar/Reports.tsx","1593","MedsWizardDialog","shared default","false"
"resources/js/pages/emar/reviews/_change-dialogs.tsx","356","WizardShell","shared default","true"
"resources/js/pages/emar/reviews/_detail-dialog.tsx","491","WizardShell","shared default","true"
"resources/js/pages/emar/reviews/_form-shell.tsx","74","WizardShell","shared default","true"
"resources/js/pages/emar/reviews/_ui.tsx","814","ConfirmDialog","shared default","true"
"resources/js/pages/emar/settings/_alert-log.tsx","355","SettingsModal","shared default","true"
"resources/js/pages/emar/settings/_alerts.tsx","1461","WizardShell","shared default","true"
"resources/js/pages/emar/settings/_alerts.tsx","1792","WizardShell","shared default","true"
"resources/js/pages/emar/settings/_alerts.tsx","2050","DiscardDraftDialog","shared default","true"
"resources/js/pages/emar/settings/_alerts.tsx","2095","SettingsModal","{720}","true"
"resources/js/pages/emar/settings/_dialogs.tsx","185","SettingsModal","{720}","true"
"resources/js/pages/emar/settings/_dialogs.tsx","303","ConfirmDialog","shared default","true"
"resources/js/pages/emar/settings/_dialogs.tsx","343","SettingsModal","shared default","true"
"resources/js/pages/emar/settings/_dialogs.tsx","380","SettingsModal","shared default","true"
"resources/js/pages/emar/settings/_dialogs.tsx","418","SettingsModal","shared default","true"
"resources/js/pages/emar/settings/_dialogs.tsx","471","SettingsModal","shared default","true"
"resources/js/pages/emar/settings/_dialogs.tsx","501","ConfirmDialog","shared default","true"
"resources/js/pages/emar/settings/_dialogs.tsx","578","ConfirmDialog","shared default","true"
"resources/js/pages/emar/settings/_dialogs.tsx","732","WizardShell","shared default","true"
"resources/js/pages/emar/settings/_dialogs.tsx","939","DiscardDraftDialog","shared default","true"
"resources/js/pages/emar/settings/_house-lens.tsx","216","WizardShell","shared default","true"
"resources/js/pages/emar/settings/_oncall.tsx","536","SettingsModal","{720}","true"
"resources/js/pages/emar/settings/_oncall.tsx","621","DiscardDraftDialog","shared default","true"
"resources/js/pages/emar/settings/_oncall.tsx","645","SettingsModal","shared default","true"
"resources/js/pages/emar/settings/_oncall.tsx","703","ConfirmDialog","shared default","true"
"resources/js/pages/emar/settings/_reach.tsx","262","SettingsModal","shared default","true"
"resources/js/pages/emar/settings/_rules.tsx","583","WizardShell","shared default","true"
"resources/js/pages/emar/settings/_rules.tsx","925","DiscardDraftDialog","shared default","true"
"resources/js/pages/emar/settings/_rules.tsx","1079","SettingsModal","shared default","true"
"resources/js/pages/emar/settings/_rules.tsx","1097","SettingsModal","shared default","true"
"resources/js/pages/emar/settings/_rules.tsx","1142","ConfirmDialog","shared default","true"
"resources/js/pages/emar/settings/_rules.tsx","1200","SettingsModal","shared default","true"
"resources/js/pages/emar/settings/_sections.tsx","674","ConfirmDialog","shared default","true"
"resources/js/pages/emar/settings/_sections.tsx","696","ConfirmDialog","shared default","true"
"resources/js/pages/emar/settings/_templates.tsx","701","WizardShell","shared default","true"
"resources/js/pages/emar/settings/_templates.tsx","1091","DiscardDraftDialog","shared default","true"
"resources/js/pages/emar/settings/_templates.tsx","1111","SettingsModal","shared default","true"
"resources/js/pages/emar/settings/_templates.tsx","1174","SettingsModal","shared default","true"
"resources/js/pages/emar/settings/_templates.tsx","1217","ConfirmDialog","shared default","true"
"resources/js/pages/emar/settings/_templates.tsx","1340","SettingsModal","{720}","true"
"resources/js/pages/emar/StaffEligibility.tsx","674","ConfirmDialog","shared default","true"
"resources/js/pages/emar/StaffEligibility.tsx","699","ConfirmDialog","shared default","true"
"resources/js/pages/emar/stock/StockHub.tsx","777","SettingsModal","shared default","true"
"resources/js/pages/emar/stock/StockHub.tsx","860","WizardShell","shared default","true"
"resources/js/pages/emar/stock/StockHub.tsx","1285","ConfirmDialog","shared default","true"
"resources/js/pages/emar/stock/_dialogs.tsx","79","SettingsModal","{720}","true"
"resources/js/pages/emar/stock/_dialogs.tsx","171","ConfirmDialog","shared default","true"
"resources/js/pages/emar/stock/_dialogs.tsx","234","SettingsModal","{720}","true"
"resources/js/pages/emar/stock/_dialogs.tsx","416","ConfirmDialog","shared default","true"
"resources/js/pages/emar/stock/_dialogs.tsx","483","SettingsModal","{720}","true"
"resources/js/pages/emar/stock/_dialogs.tsx","617","ConfirmDialog","shared default","true"
"resources/js/pages/emar/stock/_dialogs.tsx","695","WizardShell","shared default","true"
"resources/js/pages/emar/stock/_dialogs.tsx","893","ConfirmDialog","shared default","true"
"resources/js/pages/emar/stock/_dialogs.tsx","933","SettingsModal","{720}","true"
"resources/js/pages/emar/stock/_dialogs.tsx","987","ConfirmDialog","shared default","true"
"resources/js/pages/emar/stock/_photo.tsx","95","SettingsModal","{720}","true"
"resources/js/pages/emar/stock/_photo.tsx","185","ConfirmDialog","shared default","true"
"resources/js/pages/emar/stock/_receive.tsx","286","WizardShell","shared default","true"
"resources/js/pages/emar/stock/_receive.tsx","853","ConfirmDialog","shared default","true"
"resources/js/pages/emar/support/_dialogs.tsx","408","WizardShell","shared default","true"
"resources/js/pages/emar/support/_dialogs.tsx","915","ConfirmDialog","shared default","true"
"resources/js/pages/emar/support/_dialogs.tsx","925","ConfirmDialog","shared default","true"
"resources/js/pages/emar/support/_dialogs.tsx","1011","WizardShell","shared default","true"
"resources/js/pages/emar/support/_dialogs.tsx","1371","ConfirmDialog","shared default","true"
"resources/js/pages/emar/support/_dialogs.tsx","1381","ConfirmDialog","shared default","true"
"resources/js/pages/emar/support/_dialogs.tsx","1439","DialogContent","{{ width: 'min(92vw, 720px)', maxWidth: 'min(92vw, 720px)', }}","false"
"resources/js/pages/emar/support/_dialogs.tsx","1515","ConfirmDialog","shared default","true"
"resources/js/pages/emar/support/_dialogs.tsx","1527","ConfirmDialog","shared default","true"
"resources/js/pages/emar/support/_dialogs.tsx","1640","DialogContent","{{ width: 'min(92vw, 480px)', maxWidth: 'min(92vw, 480px)', }}","false"
"resources/js/pages/emar/support/_dialogs.tsx","1667","DialogContent","{{ width: 'min(92vw, 720px)', maxWidth: 'min(92vw, 720px)', }}","false"
"resources/js/pages/emar/support/_dialogs.tsx","1779","ConfirmDialog","shared default","true"
"resources/js/pages/emar/support/_dialogs.tsx","1802","DialogContent","{{ width: 'min(92vw, 720px)', maxWidth: 'min(92vw, 720px)', }}","false"
"resources/js/pages/emar/_cd-dialogs.tsx","254","MedsWizardDialog","shared default","false"
"resources/js/pages/emar/_cd-dialogs.tsx","694","MedsWizardDialog","shared default","false"
"resources/js/pages/emar/_cd-dialogs.tsx","890","MedsWizardDialog","shared default","false"
"resources/js/pages/emar/_cd-dialogs.tsx","1075","MedsWizardDialog","shared default","false"
"resources/js/pages/emar/_cd-dialogs.tsx","1423","MedsWizardDialog","shared default","false"
"resources/js/pages/emar/_cd-dialogs.tsx","1667","MedsWizardDialog","shared default","false"
"resources/js/pages/emar/_cd-dialogs.tsx","2058","MedsWizardDialog","shared default","false"
"resources/js/pages/emar/_dialogs.tsx","225","MedsWizardDialog","shared default","false"
"resources/js/pages/emar/_dialogs.tsx","588","MedsWizardDialog","shared default","false"
"resources/js/pages/emar/_dialogs.tsx","674","MedsWizardDialog","shared default","false"
"resources/js/pages/emar/_dialogs.tsx","752","MedsWizardDialog","shared default","false"
"resources/js/pages/emar/_error-dialogs.tsx","186","MedsWizardDialog","shared default","false"
"resources/js/pages/emar/_error-dialogs.tsx","436","MedsWizardDialog","shared default","false"
"resources/js/pages/emar/_error-dialogs.tsx","570","MedsWizardDialog","shared default","false"
"resources/js/pages/emar/_error-dialogs.tsx","694","MedsWizardDialog","shared default","false"
"resources/js/pages/emar/_prescription-dialogs.tsx","233","MedsWizardDialog","shared default","false"
"resources/js/pages/emar/_prescription-dialogs.tsx","710","MedsWizardDialog","shared default","false"
"resources/js/pages/emar/_prescription-dialogs.tsx","812","MedsWizardDialog","shared default","false"
"resources/js/pages/emar/_prescription-dialogs.tsx","944","MedsWizardDialog","shared default","false"
"resources/js/pages/emar/_prescription-dialogs.tsx","1038","MedsWizardDialog","shared default","false"
"resources/js/pages/emar/_prescription-dialogs.tsx","1146","MedsWizardDialog","shared default","false"
"resources/js/pages/emar/_review-dialogs.tsx","153","MedsWizardDialog","shared default","false"
"resources/js/pages/emar/_review-dialogs.tsx","482","MedsWizardDialog","shared default","false"
"resources/js/pages/emar/_review-dialogs.tsx","846","MedsWizardDialog","shared default","false"
"resources/js/pages/emar/_review-dialogs.tsx","930","MedsWizardDialog","shared default","false"
"resources/js/pages/emar/_self-admin-dialogs.tsx","370","MedsWizardDialog","shared default","false"
"resources/js/pages/emar/_self-admin-dialogs.tsx","729","MedsWizardDialog","shared default","false"
"resources/js/pages/emar/_self-admin-dialogs.tsx","837","MedsWizardDialog","shared default","false"
"resources/js/pages/emar/_self-admin-dialogs.tsx","944","MedsWizardDialog","shared default","false"
"resources/js/pages/emar/_stock-dialogs.tsx","71","SettingsModal","shared default","true"
"resources/js/pages/emar/_stock-dialogs.tsx","245","MedsWizardDialog","shared default","false"
"resources/js/pages/emar/_stock-dialogs.tsx","671","MedsWizardDialog","shared default","false"
"resources/js/pages/emar/_stock-dialogs.tsx","1018","MedsWizardDialog","shared default","false"
"resources/js/pages/emar/_stock-dialogs.tsx","1241","MedsWizardDialog","shared default","false"
"resources/js/pages/emar/_stock-dialogs.tsx","1698","MedsWizardDialog","shared default","false"
"resources/js/pages/emar/_stock-dialogs.tsx","2038","MedsWizardDialog","shared default","false"
"resources/js/components/emar/cd-detail-dialog.tsx","331","WizardShell","shared default","true"
"resources/js/components/emar/controlled/action-dialog.tsx","1644","WizardShell","shared default","true"
"resources/js/components/emar/controlled/action-dialog.tsx","1794","ConfirmDialog","shared default","true"
"resources/js/components/emar/controlled/action-dialog.tsx","1809","ConfirmDialog","shared default","true"
"resources/js/components/emar/controlled/count-dialog.tsx","317","WizardShell","shared default","true"
"resources/js/components/emar/controlled/count-dialog.tsx","688","ConfirmDialog","shared default","true"
"resources/js/components/emar/controlled/override-followup-dialog.tsx","185","WizardShell","shared default","true"
"resources/js/components/emar/controlled/override-followup-dialog.tsx","436","ConfirmDialog","shared default","true"
"resources/js/components/emar/controlled/record-views.tsx","201","WizardShell","shared default","true"
"resources/js/components/emar/controlled/record-views.tsx","759","WizardShell","""min(92vw, 1100px)""","true"
"resources/js/components/emar/destruction-detail-dialog.tsx","116","WizardShell","shared default","true"
"resources/js/components/emar/followups/administration-followup-dialog.tsx","56","DialogContent","{{ width: 'min(92vw, 480px)', maxWidth: 'min(92vw, 480px)', }}","false"
"resources/js/components/emar/followups/followup-dialog.tsx","170","DialogContent","{{ width: 'min(92vw, 480px)', maxWidth: 'min(92vw, 480px)', }}","false"
"resources/js/components/emar/followups/followup-dialog.tsx","1168","ConfirmDialog","shared default","true"
"resources/js/components/emar/followups/followup-dialog.tsx","1184","WizardShell","shared default","true"
"resources/js/components/emar/followups/followup-dialog.tsx","1291","DialogContent","{{ width: 'min(92vw, 720px)', maxWidth: 'min(92vw, 720px)', }}","false"
"resources/js/components/emar/historical-audit-export-dialog.tsx","67","DialogContent","{{ width: 'min(92vw, 720px)', maxWidth: 'min(92vw, 720px)', }}","false"
"resources/js/components/emar/medication-event-drawer.tsx","437","WizardShell","""min(92vw, 1100px)""","true"
"resources/js/components/emar/prescriptions/order-detail-dialog.tsx","121","WizardShell","shared default","true"
"resources/js/components/emar/prn-detail-dialog.tsx","132","WizardShell","shared default","true"
"resources/js/components/emar/prn-near-limit-dialog.tsx","99","WizardShell","shared default","true"
"resources/js/components/emar/record/allergy-record.tsx","225","WizardShell","shared default","true"
"resources/js/components/emar/record/clinical.tsx","731","WizardShell","shared default","true"
"resources/js/components/emar/record/history.tsx","291","WizardShell","shared default","true"
"resources/js/components/emar/record/history.tsx","356","WizardShell","shared default","true"
"resources/js/components/emar/record/history.tsx","519","WizardShell","shared default","true"
"resources/js/components/emar/record/reading.tsx","444","WizardShell","shared default","true"
"resources/js/components/emar/record/record-dose-launch.tsx","83","SettingsModal","{720}","true"
"resources/js/components/emar/record/safety.tsx","239","ConfirmDialog","shared default","true"
"resources/js/components/emar/record/use-draft-close.tsx","26","ConfirmDialog","shared default","true"
"resources/js/components/emar/record-dose/dialogs.tsx","73","SettingsModal","{720}","true"
"resources/js/components/emar/record-dose/dialogs.tsx","140","SettingsModal","{720}","true"
"resources/js/components/emar/record-dose/dialogs.tsx","179","SettingsModal","{720}","true"
"resources/js/components/emar/record-dose/dialogs.tsx","267","SettingsModal","{720}","true"
"resources/js/components/emar/record-dose/dialogs.tsx","373","SettingsModal","{720}","true"
"resources/js/components/emar/record-dose/record-dose-dialog.tsx","400","DialogContent","{{ width: 'min(92vw, 480px)', maxWidth: 'min(92vw, 480px)', }}","false"
"resources/js/components/emar/record-dose/record-dose-dialog.tsx","2249","WizardShell","""min(92vw, 1100px)""","true"
"resources/js/components/emar/record-dose/record-dose-dialog.tsx","2314","ConfirmDialog","shared default","true"
"resources/js/components/emar/rounds/round-activity-dialog.tsx","60","DialogContent","{{ width: 'min(92vw, 480px)', maxWidth: 'min(92vw, 480px)', }}","false"
"resources/js/components/emar/rounds/round-audit-dialog.tsx","57","DialogContent","{{ width: 'min(92vw, 720px)', maxWidth: 'min(92vw, 720px)', }}","false"
"resources/js/components/emar/second-person-confirmation-dialog.tsx","94","DialogContent","{{ width: 'min(92vw, 480px)', maxWidth: 'min(92vw, 480px)', }}","false"
"resources/js/components/emar/second-person-confirmation-dialog.tsx","440","ConfirmDialog","shared default","true"
"resources/js/components/emar/stock-detail-dialog.tsx","179","WizardShell","shared default","true"
"resources/js/pages/meds/today/components/prn-wizard.tsx","354","MedsWizardDialog","shared default","false"
"resources/js/pages/meds/today/components/record-dose-wizard.tsx","346","MedsWizardDialog","shared default","false"
"resources/js/pages/meds/today/components/recorded-detail-dialog.tsx","102","SettingsModal","{720}","true"
"resources/js/components/meds/pending-assessment.tsx","62","SettingsModal","shared default","true"
"resources/js/components/meds/wizard-shell.tsx","133","DiscardDraftDialog","shared default","true"
"resources/js/components/meds/wizard-shell.tsx","147","SettingsModal","{720}","true"
"resources/js/components/meds/wizard-shell.tsx","164","WizardShell","""min(92vw, 1100px)""","true"
